BEGIN;

\c mylocaldb;

INSERT INTO account.users(userid, username, passwordHash)
VALUES ('11111111-1111-1111-1111-111111111111', 'Jason', 'salted and hashed password 1'),
('22222222-2222-2222-2222-222222222222', 'Alan', 'salted and hashed password 2'),
('33333333-3333-3333-3333-333333333333', 'Marsha', 'salted and hashed password 3'),
('44444444-4444-4444-4444-444444444444', 'James', 'salted and hashed password 4');

SELECT * FROM account.users;

INSERT INTO game.matches (
    matchid,
    isActive,
    userIds
)
VALUES (1, false, '{"11111111-1111-1111-1111-111111111111", "22222222-2222-2222-2222-222222222222", "33333333-3333-3333-3333-333333333333", "44444444-4444-4444-4444-444444444444"}'),
(2, true, '{"11111111-1111-1111-1111-111111111111", "22222222-2222-2222-2222-222222222222", "33333333-3333-3333-3333-333333333333", "44444444-4444-4444-4444-444444444444"}');

SELECT * FROM game.matches;

INSERT INTO game.games (
    gameid,
    matchId,
    isActive,
    trumpSuit,
    trumpNumber,
    startingUserId
)
VALUES (1, 1, false, 3, 2, '11111111-1111-1111-1111-111111111111'),
(2, 1, false, 2, 3, '33333333-3333-3333-3333-333333333333'),
(3, 1, false, 4, 4, '11111111-1111-1111-1111-111111111111'),
(4, 2, true, 1, 2, '11111111-1111-1111-1111-111111111111');

SELECT * FROM game.games;

INSERT INTO game.tricks (
    trickid,
    gameID,
    startingUserId,
    playedCardIds
)
VALUES(1, 1, '11111111-1111-1111-1111-111111111111', '{1,2,3,4}'),
(2, 1, '11111111-1111-1111-1111-111111111111', '{5,6,7,8}'),
(3, 1, '22222222-2222-2222-2222-222222222222', '{9,10,11,12}'),
(4, 1, '11111111-1111-1111-1111-111111111111', '{13,14,15,16}'),
(5, 2, '11111111-1111-1111-1111-111111111111', '{40,41,42,43}');

SELECT * FROM game.tricks;

INSERT INTO game.gameUserInfos (
    gameId,
    userId,
    heldCardIds,
    points
) VALUES (1, '11111111-1111-1111-1111-111111111111', '{25,26,27,28}', 0),
(1, '22222222-2222-2222-2222-222222222222', '{21,22,23,24}', 10),
(1, '33333333-3333-3333-3333-333333333333', '{17,18,19,20}', 20),
(1, '44444444-4444-4444-4444-444444444444', '{29,35,36,37}', 30),
(2, '11111111-1111-1111-1111-111111111111', '{25,26,27,28}', 10),
(2, '22222222-2222-2222-2222-222222222222', '{21,22,23,24}', 20),
(2, '33333333-3333-3333-3333-333333333333', '{17,18,19,20}', 30),
(2, '44444444-4444-4444-4444-444444444444', '{29,35,36,37}', 40);

SELECT * FROM game.gameUserInfos;

INSERT INTO game.matchUserInfos (
    userId,
    matchId,
    level
) VALUES ('11111111-1111-1111-1111-111111111111', 1, 4),
('22222222-2222-2222-2222-222222222222', 1, 3),
('33333333-3333-3333-3333-333333333333', 1, 4),
('44444444-4444-4444-4444-444444444444', 1, 3),
('11111111-1111-1111-1111-111111111111', 2, 2),
('22222222-2222-2222-2222-222222222222', 2, 2),
('33333333-3333-3333-3333-333333333333', 2, 2),
('44444444-4444-4444-4444-444444444444', 2, 4);

SELECT * FROM game.matchUserInfos

COMMIT;
