\c mylocaldb;

BEGIN;

INSERT INTO account.users(userid, username, salt, passwordHash)
VALUES ('11111111-1111-1111-1111-111111111111', 'Jason', 'salt1', 'salted and hashed password 1'),
('22222222-2222-2222-2222-222222222222', 'Alan','salt2', 'salted and hashed password 2'),
('33333333-3333-3333-3333-333333333333', 'Marsha','salt3', 'salted and hashed password 3'),
('44444444-4444-4444-4444-444444444444', 'James','salt4', 'salted and hashed password 4');

SELECT * FROM account.users;

INSERT INTO game.matches (
    matchid,
    numPlayers,
    isActive
)
VALUES (1, 4, true),
(2, 4, true);

SELECT * FROM game.matches;

INSERT INTO game.games (
    gameid,
    matchId,
    isActive,
    trumpSuit,
    trumpNumber,
    startingUserId,
    bottomSettingUserId,
    bottomCardIds
)
VALUES (1, 1, true, 3, 2, '11111111-1111-1111-1111-111111111111', '11111111-1111-1111-1111-111111111111', '{31,32,33,34,35,36,37,38}'),
(2, 1, false, 2, 3, '33333333-3333-3333-3333-333333333333', NULL, NULL),
(3, 1, false, 4, 4, '11111111-1111-1111-1111-111111111111', NULL, NULL),
(4, 2, true, 1, 2, '11111111-1111-1111-1111-111111111111', '11111111-1111-1111-1111-111111111111', NULL);

SELECT * FROM game.games;

INSERT INTO game.tricks (
    trickid,
    gameId,
    startingUserId,
    winningUserId
)
VALUES(1, 1, '11111111-1111-1111-1111-111111111111','11111111-1111-1111-1111-111111111111'),
(2, 1, '11111111-1111-1111-1111-111111111111', '22222222-2222-2222-2222-222222222222'),
(3, 1, '22222222-2222-2222-2222-222222222222', '11111111-1111-1111-1111-111111111111'),
(4, 1, '11111111-1111-1111-1111-111111111111', '11111111-1111-1111-1111-111111111111'),
(5, 2, '11111111-1111-1111-1111-111111111111', '22222222-2222-2222-2222-222222222222');

SELECT * FROM game.tricks;

INSERT INTO game.gameUserInfos (
    gameId,
    userId,
    heldCardIds,
    points
) VALUES (1, '11111111-1111-1111-1111-111111111111', '{25,26,27,28}', 0),
(1, '22222222-2222-2222-2222-222222222222', '{21,22,23,24}', 10),
(1, '33333333-3333-3333-3333-333333333333', '{17,18,19,20}', 20),
(1, '44444444-4444-4444-4444-444444444444', '{29,35,36,37}', 30),
(2, '11111111-1111-1111-1111-111111111111', '{25,26,27,28}', 10),
(2, '22222222-2222-2222-2222-222222222222', '{21,22,23,24}', 20),
(2, '33333333-3333-3333-3333-333333333333', '{17,18,19,20}', 30),
(2, '44444444-4444-4444-4444-444444444444', '{29,35,36,37}', 40),
(3, '11111111-1111-1111-1111-111111111111', '{25,26,27,28}', 0),
(3, '22222222-2222-2222-2222-222222222222', '{21,22,23,24}', 10),
(3, '33333333-3333-3333-3333-333333333333', '{17,18,19,20}', 20),
(3, '44444444-4444-4444-4444-444444444444', '{29,35,36,37}', 30),
(4, '11111111-1111-1111-1111-111111111111', '{25,26,27,28}', 10),
(4, '22222222-2222-2222-2222-222222222222', '{21,22,23,24}', 20),
(4, '33333333-3333-3333-3333-333333333333', '{17,18,19,20}', 30),
(4, '44444444-4444-4444-4444-444444444444', '{29,35,36,37}', 40);

SELECT * FROM game.gameUserInfos;

INSERT INTO game.matchUserInfos (
    userId,
    matchId,
    orderId,
    level
) VALUES ('11111111-1111-1111-1111-111111111111', 1, 0, 4),
('22222222-2222-2222-2222-222222222222', 1, 1, 3),
('33333333-3333-3333-3333-333333333333', 1, 2, 4),
('44444444-4444-4444-4444-444444444444', 1, 3, 3),
('11111111-1111-1111-1111-111111111111', 2, 1, 2),
('22222222-2222-2222-2222-222222222222', 2, 2, 2),
('33333333-3333-3333-3333-333333333333', 2, 3, 2),
('44444444-4444-4444-4444-444444444444', 2, 4, 4);

SELECT * FROM game.matchUserInfos;

INSERT INTO game.trickTypes (
    id,
    name
) VALUES (0, 'single'), (1, 'pair'), (2, 'consecutivePair'), (3, 'shuai');

SELECT * FROM game.trickTypes;

INSERT INTO game.trickUserInfos (
    trickId,
    userId,
    playedCards,
    trickType
) VALUES (1, '11111111-1111-1111-1111-111111111111', '{1}', 1),
(1, '22222222-2222-2222-2222-222222222222', '{2}', 1),
(1, '33333333-3333-3333-3333-333333333333', '{3}', 1),
(1, '44444444-4444-4444-4444-444444444444', '{4}', 1),
(2, '11111111-1111-1111-1111-111111111111', '{5}', 1),
(2, '22222222-2222-2222-2222-222222222222', '{6}', 1),
(2, '33333333-3333-3333-3333-333333333333', '{7}', 1),
(2, '44444444-4444-4444-4444-444444444444', '{8}', 1),
(3, '11111111-1111-1111-1111-111111111111', '{9}', 1),
(3, '22222222-2222-2222-2222-222222222222', '{10}', 1),
(3, '33333333-3333-3333-3333-333333333333', '{11}', 1),
(3, '44444444-4444-4444-4444-444444444444', '{12}', 1),
(4, '11111111-1111-1111-1111-111111111111', '{13}', 1),
(4, '22222222-2222-2222-2222-222222222222', '{14}', 1),
(4, '33333333-3333-3333-3333-333333333333', '{15}', 1),
(4, '44444444-4444-4444-4444-444444444444', '{16}', 1),
(5, '11111111-1111-1111-1111-111111111111', '{40}', 1),
(5, '22222222-2222-2222-2222-222222222222', '{41}', 1),
(5, '33333333-3333-3333-3333-333333333333', '{42}', 1),
(5, '44444444-4444-4444-4444-444444444444', '{43}', 1);

SELECT * FROM game.trickUserInfos;

COMMIT;